{
  "__comment": "Instructions: https://blakesmods.com/docs/cucumber/tags-config",
  "forge:ingots/constantan": "thermal:constantan_ingot",
  "forge:ingots/silver": "ic2:ingot_silver",
  "forge:ingots/tin": "ic2:ingot_tin",
  "forge:gems/ruby": "thermal:ruby",
  "forge:ingots/zinc": "create:zinc_ingot",
  "forge:ingots/steel": "ad_astra:steel_ingot",
  "forge:ingots/nickel": "thermal:nickel_ingot",
  "forge:ingots/bronze": "ic2:ingot_bronze",
  "forge:ingots/enderium": "thermal:enderium_ingot",
  "forge:dusts/niter": "thermal:niter_dust",
  "forge:silicon": "ae2:silicon",
  "forge:ingots/iridium": "null",
  "forge:ingots/titanium": "null",
  "forge:ingots/uranium": "ic2:ingot_uranium",
  "forge:ingots/tungsten": "null",
  "forge:ingots/chrome": "null",
  "forge:ingots/invar": "thermal:invar_ingot",
  "forge:ingots/platinum": "null",
  "forge:dusts/sulfur": "thermal:sulfur_dust",
  "forge:ingots/signalum": "thermal:signalum_ingot",
  "forge:dusts/saltpeter": "null",
  "forge:ingots/aluminum": "null",
  "forge:gems/sapphire": "thermal:sapphire",
  "forge:ingots/brass": "create:brass_ingot",
  "forge:ingots/graphite": "null",
  "forge:ingots/lead": "thermal:lead_ingot",
  "forge:ingots/mithril": "null",
  "forge:rubber": "null",
  "forge:ingots/electrum": "createaddition:electrum_ingot",
  "forge:ingots/lumium": "thermal:lumium_ingot",
  "forge:gems/apatite": "thermal:apatite"
}